{"IcoMoonType":"selection","icons":[{"icon":{"paths":["M736 192v640h-448v-640h448zM672 256h-320v512h320v-512zM192 256v512h-96v-512h96zM928 256v512h-96v-512h96z"],"attrs":[{"fill":"rgb(117, 99, 199)"}],"isMulticolor":false,"isMulticolor2":false,"grid":0,"tags":["showcase"]},"attrs":[{"fill":"rgb(117, 99, 199)"}],"properties":{"order":62,"id":60,"name":"showcase","prevSize":32,"code":59648},"setIdx":0,"setId":3,"iconIdx":0},{"icon":{"paths":["M316.16 366.507l195.84 195.413 195.84-195.413 60.16 60.16-256 256-256-256z"],"isMulticolor":false,"isMulticolor2":false,"tags":["a-arrow_down"],"defaultCode":59648,"grid":0,"attrs":[]},"attrs":[],"properties":{"id":1,"order":2,"ligatures":"","prevSize":32,"code":59649,"name":"a-arrow_down"},"setIdx":0,"setId":3,"iconIdx":1},{"icon":{"paths":["M598.4 658.88l-146.56-146.88 146.56-146.88-45.12-45.12-192 192 192 192z"],"isMulticolor":false,"isMulticolor2":false,"tags":["a-arrow_left_24px"],"defaultCode":59649,"grid":0,"attrs":[]},"attrs":[],"properties":{"id":2,"order":3,"ligatures":"","prevSize":32,"code":59650,"name":"a-arrow_left_24px"},"setIdx":0,"setId":3,"iconIdx":2},{"icon":{"paths":["M425.6 658.88l146.56-146.88-146.56-146.88 45.12-45.12 192 192-192 192z"],"isMulticolor":false,"isMulticolor2":false,"tags":["a-arrow_right_24px"],"defaultCode":59651,"grid":0,"attrs":[]},"attrs":[],"properties":{"id":3,"order":4,"ligatures":"","prevSize":32,"code":59651,"name":"a-arrow_right_24px"},"setIdx":0,"setId":3,"iconIdx":3},{"icon":{"paths":["M354.109 328.96l59.951-60.587 255.805 256-255.805 256-59.924-60.16 195.411-195.84z"],"isMulticolor":false,"isMulticolor2":false,"tags":["a-arrow_right-button"],"defaultCode":59653,"grid":0,"attrs":[]},"attrs":[],"properties":{"id":4,"order":5,"ligatures":"","prevSize":32,"code":59653,"name":"a-arrow_right-button"},"setIdx":0,"setId":3,"iconIdx":4},{"icon":{"paths":["M704 256v490.667c0 94.293-76.373 170.667-170.667 170.667s-170.667-76.373-170.667-170.667v-533.333c0-58.88 47.787-106.667 106.667-106.667s106.667 47.787 106.667 106.667v448c0 23.467-19.2 42.667-42.667 42.667s-42.667-19.2-42.667-42.667v-405.333h-64v405.333c0 58.88 47.787 106.667 106.667 106.667s106.667-47.787 106.667-106.667v-448c0-94.293-76.373-170.667-170.667-170.667s-170.667 76.373-170.667 170.667v533.333c0 129.707 104.96 234.667 234.667 234.667s234.667-104.96 234.667-234.667v-490.667h-64z"],"isMulticolor":false,"isMulticolor2":false,"tags":["a-attach_file"],"defaultCode":59654,"grid":0,"attrs":[]},"attrs":[],"properties":{"id":5,"order":6,"ligatures":"","prevSize":32,"code":59654,"name":"a-attach_file"},"setIdx":0,"setId":3,"iconIdx":5},{"icon":{"paths":["M640 170.667h-256c-46.933 0-84.907 38.4-84.907 85.333l-0.427 597.333 213.333-128 213.333 128v-597.333c0-46.933-38.4-85.333-85.333-85.333z"],"isMulticolor":false,"isMulticolor2":false,"tags":["a-bookmark"],"defaultCode":59655,"grid":0,"attrs":[]},"attrs":[],"properties":{"id":6,"order":7,"ligatures":"","prevSize":32,"code":59655,"name":"a-bookmark"},"setIdx":0,"setId":3,"iconIdx":6},{"icon":{"paths":["M853.333 384l-128-213.333h213.333v597.333c0 47.128-38.205 85.333-85.333 85.333h-682.667c-47.128 0-85.333-38.205-85.333-85.333v-512c0-47.128 38.205-85.333 85.333-85.333l128 213.333h128l-128-213.333h85.333l128 213.333h128l-128-213.333h85.333l128 213.333h128zM853.333 469.333h-603.734l-78.932-128v426.667h682.667v-298.667z"],"isMulticolor":false,"isMulticolor2":false,"tags":["a-card-challenge"],"defaultCode":59656,"grid":0,"attrs":[]},"attrs":[],"properties":{"id":7,"order":8,"ligatures":"","prevSize":32,"code":59656,"name":"a-card-challenge"},"setIdx":0,"setId":3,"iconIdx":7},{"icon":{"paths":["M682.667 682.667v-298.667h-128v298.667h128zM768 682.667h85.333v85.333h-682.667v-85.333h85.333v-298.667h-85.333l341.333-256 341.333 256h-85.333v298.667zM469.333 682.667v-298.667h-128v298.667h128zM128 810.667h768v85.333h-768v-85.333z"],"isMulticolor":false,"isMulticolor2":false,"tags":["a-card-education"],"defaultCode":59657,"grid":0,"attrs":[]},"attrs":[],"properties":{"id":8,"order":9,"ligatures":"","prevSize":32,"code":59657,"name":"a-card-education"},"setIdx":0,"setId":3,"iconIdx":8},{"icon":{"paths":["M224 128h32v-85.333h85.333v85.333h341.333v-85.333h85.333v85.333h32c53.019 0 96 42.981 96 96v576c0 53.019-42.981 96-96 96h-576c-53.019 0-96-42.981-96-96v-576c0-53.019 42.981-96 96-96zM224 213.333c-5.891 0-10.667 4.776-10.667 10.667v576c0 5.891 4.776 10.667 10.667 10.667h576c5.891 0 10.667-4.776 10.667-10.667v-576c0-5.891-4.776-10.667-10.667-10.667h-576zM213.333 298.667h597.333v85.333h-597.333v-85.333zM512 469.333h213.333v213.333h-213.333v-213.333z"],"isMulticolor":false,"isMulticolor2":false,"tags":["a-card-events"],"defaultCode":59658,"grid":0,"attrs":[]},"attrs":[],"properties":{"id":9,"order":10,"ligatures":"","prevSize":32,"code":59658,"name":"a-card-events"},"setIdx":0,"setId":3,"iconIdx":9},{"icon":{"paths":["M128 128h768v85.333h-85.333v469.333h-256v149.333h85.333v64h-256v-64h85.333v-149.333h-256v-469.333h-85.333v-85.333zM725.333 597.333v-384h-426.667v384h426.667zM341.333 426.667h85.333v128h-85.333v-128zM469.333 341.333h85.333v213.333h-85.333v-213.333zM597.333 298.667h85.333v256h-85.333v-256z"],"isMulticolor":false,"isMulticolor2":false,"tags":["a-card-project"],"defaultCode":59659,"grid":0,"attrs":[]},"attrs":[],"properties":{"id":10,"order":11,"ligatures":"","prevSize":32,"code":59659,"name":"a-card-project"},"setIdx":0,"setId":3,"iconIdx":10},{"icon":{"paths":["M384 689.92l-177.92-177.92-60.587 60.16 238.507 238.507 512-512-60.16-60.16z"],"isMulticolor":false,"isMulticolor2":false,"tags":["a-check"],"defaultCode":59660,"grid":0,"attrs":[]},"attrs":[],"properties":{"id":11,"order":12,"ligatures":"","prevSize":32,"code":59660,"name":"a-check"},"setIdx":0,"setId":3,"iconIdx":11},{"icon":{"paths":["M810.667 213.333v597.333h-597.333v-597.333h597.333zM810.667 128h-597.333c-46.933 0-85.333 38.4-85.333 85.333v597.333c0 46.933 38.4 85.333 85.333 85.333h597.333c46.933 0 85.333-38.4 85.333-85.333v-597.333c0-46.933-38.4-85.333-85.333-85.333z"],"isMulticolor":false,"isMulticolor2":false,"tags":["a-check_box"],"defaultCode":59661,"grid":0,"attrs":[]},"attrs":[],"properties":{"id":12,"order":13,"ligatures":"","prevSize":32,"code":59661,"name":"a-check_box"},"setIdx":0,"setId":3,"iconIdx":12},{"icon":{"paths":["M810.667 128h-597.333c-47.36 0-85.333 38.4-85.333 85.333v597.333c0 46.933 37.973 85.333 85.333 85.333h597.333c47.36 0 85.333-38.4 85.333-85.333v-597.333c0-46.933-37.973-85.333-85.333-85.333zM426.667 725.333l-213.333-213.333 60.16-60.16 153.173 152.747 323.84-323.84 60.16 60.587-384 384z"],"isMulticolor":false,"isMulticolor2":false,"tags":["a-check_box-checked"],"defaultCode":59662,"grid":0,"attrs":[]},"attrs":[],"properties":{"id":13,"order":14,"ligatures":"","prevSize":32,"code":59662,"name":"a-check_box-checked"},"setIdx":0,"setId":3,"iconIdx":13},{"icon":{"paths":["M810.667 273.493l-60.16-60.16-238.507 238.507-238.507-238.507-60.16 60.16 238.507 238.507-238.507 238.507 60.16 60.16 238.507-238.507 238.507 238.507 60.16-60.16-238.507-238.507z"],"isMulticolor":false,"isMulticolor2":false,"tags":["a-close"],"defaultCode":59664,"grid":0,"attrs":[]},"attrs":[],"properties":{"id":14,"order":15,"ligatures":"","prevSize":32,"code":59664,"name":"a-close"},"setIdx":0,"setId":3,"iconIdx":14},{"icon":{"paths":["M1024 512c0 282.77-229.23 512-512 512s-512-229.23-512-512c0-282.77 229.23-512 512-512s512 229.23 512 512zM810.667 273.493l-60.16-60.16-238.507 238.507-238.507-238.507-60.16 60.16 238.507 238.507-238.507 238.507 60.16 60.16 238.507-238.507 238.507 238.507 60.16-60.16-238.507-238.507z"],"isMulticolor":false,"isMulticolor2":false,"tags":["a-close_2"],"defaultCode":59665,"grid":0,"attrs":[]},"attrs":[],"properties":{"id":15,"order":16,"ligatures":"","prevSize":32,"code":59665,"name":"a-close_2"},"setIdx":0,"setId":3,"iconIdx":15},{"icon":{"paths":["M384.427 597.333h-299.093v85.333h299.093v128l170.24-170.667-170.24-170.667v128zM639.573 554.667v-128h299.093v-85.333h-299.093v-128l-170.24 170.667 170.24 170.667z"],"isMulticolor":false,"isMulticolor2":false,"tags":["a-compare"],"defaultCode":59667,"grid":0,"attrs":[]},"attrs":[],"properties":{"id":16,"order":17,"ligatures":"","prevSize":32,"code":59667,"name":"a-compare"},"setIdx":0,"setId":3,"iconIdx":16},{"icon":{"paths":["M810.667 170.667h-42.667v-85.333h-85.333v85.333h-341.333v-85.333h-85.333v85.333h-42.667c-47.36 0-84.907 38.4-84.907 85.333l-0.427 597.333c0 46.933 37.973 85.333 85.333 85.333h597.333c46.933 0 85.333-38.4 85.333-85.333v-597.333c0-46.933-38.4-85.333-85.333-85.333zM810.667 853.333h-597.333v-426.667h597.333v426.667zM810.667 341.333h-597.333v-85.333h597.333v85.333zM512 554.667h213.333v213.333h-213.333v-213.333z"],"isMulticolor":false,"isMulticolor2":false,"tags":["a-data"],"defaultCode":59668,"grid":0,"attrs":[]},"attrs":[],"properties":{"id":17,"order":18,"ligatures":"","prevSize":32,"code":59668,"name":"a-data"},"setIdx":0,"setId":3,"iconIdx":17},{"icon":{"paths":["M256 810.667c0 46.933 38.4 85.333 85.333 85.333h341.333c46.933 0 85.333-38.4 85.333-85.333v-512h-512v512zM341.333 384h341.333v426.667h-341.333v-426.667zM661.333 170.667l-42.667-42.667h-213.333l-42.667 42.667h-149.333v85.333h597.333v-85.333h-149.333z"],"isMulticolor":false,"isMulticolor2":false,"tags":["a-delete"],"defaultCode":59669,"grid":0,"attrs":[]},"attrs":[],"properties":{"id":18,"order":19,"ligatures":"","prevSize":32,"code":59669,"name":"a-delete"},"setIdx":0,"setId":3,"iconIdx":18},{"icon":{"paths":["M853.333 85.333h-512c-46.933 0-85.333 38.4-85.333 85.333v512c0 46.933 38.4 85.333 85.333 85.333h512c46.933 0 85.333-38.4 85.333-85.333v-512c0-46.933-38.4-85.333-85.333-85.333zM490.667 490.667c0 35.413-28.587 64-64 64h-106.667v-256h106.667c35.413 0 64 28.587 64 64v128zM704 490.667c0 35.413-28.587 64-64 64h-42.667c-35.346 0-64-28.654-64-64v-128c0-35.346 28.654-64 64-64h42.667c35.413 0 64 28.587 64 64v128zM874.667 554.667h-64c-35.346 0-64-28.654-64-64v-128c0-35.346 28.654-64 64-64h64v64h-64v128h64v64zM170.667 256h-85.333v597.333c0 46.933 38.4 85.333 85.333 85.333h597.333v-85.333h-597.333v-597.333zM384 490.667h42.667v-128h-42.667v128zM597.333 490.667h42.667v-128h-42.667v128z"],"isMulticolor":false,"isMulticolor2":false,"tags":["a-doc"],"defaultCode":59671,"grid":0,"attrs":[]},"attrs":[],"properties":{"id":19,"order":20,"ligatures":"","prevSize":32,"code":59671,"name":"a-doc"},"setIdx":0,"setId":3,"iconIdx":19},{"icon":{"paths":["M128 736v160h160l471.893-471.893-160-160-471.893 471.893zM883.627 300.373c16.64-16.64 16.64-43.52 0-60.16l-99.84-99.84c-16.64-16.64-43.52-16.64-60.16 0l-78.080 78.080 160 160 78.080-78.080z"],"isMulticolor":false,"isMulticolor2":false,"tags":["a-edit"],"defaultCode":59672,"grid":0,"attrs":[]},"attrs":[],"properties":{"id":20,"order":40,"ligatures":"","prevSize":32,"code":59672,"name":"a-edit"},"setIdx":0,"setId":3,"iconIdx":20},{"icon":{"paths":["M256 85.333c-46.933 0-84.907 38.4-84.907 85.333l-0.427 682.667c0 46.933 37.973 85.333 84.907 85.333h512.427c46.933 0 85.333-38.4 85.333-85.333v-512l-256-256h-341.333zM554.667 384v-234.667l234.667 234.667h-234.667z"],"isMulticolor":false,"isMulticolor2":false,"tags":["a-file"],"defaultCode":59673,"grid":0,"attrs":[]},"attrs":[],"properties":{"id":21,"order":41,"ligatures":"","prevSize":32,"code":59673,"name":"a-file"},"setIdx":0,"setId":3,"iconIdx":21},{"icon":{"paths":["M469.333 768h85.333v-85.333h-85.333v85.333zM512 85.333c-235.52 0-426.667 191.147-426.667 426.667s191.147 426.667 426.667 426.667c235.52 0 426.667-191.147 426.667-426.667s-191.147-426.667-426.667-426.667zM512 853.333c-188.16 0-341.333-153.173-341.333-341.333s153.173-341.333 341.333-341.333c188.16 0 341.333 153.173 341.333 341.333s-153.173 341.333-341.333 341.333zM512 256c-94.293 0-170.667 76.373-170.667 170.667h85.333c0-46.933 38.4-85.333 85.333-85.333s85.333 38.4 85.333 85.333c0 85.333-128 74.667-128 213.333h85.333c0-96 128-106.667 128-213.333 0-94.293-76.373-170.667-170.667-170.667z"],"isMulticolor":false,"isMulticolor2":false,"tags":["a-help"],"defaultCode":59674,"grid":0,"attrs":[]},"attrs":[],"properties":{"id":22,"order":42,"ligatures":"","prevSize":32,"code":59674,"name":"a-help"},"setIdx":0,"setId":3,"iconIdx":22},{"icon":{"paths":["M512 910.933l-61.867-56.32c-219.733-199.253-364.8-330.667-364.8-491.947 0-131.413 103.253-234.667 234.667-234.667 74.24 0 145.493 34.56 192 89.173 46.507-54.613 117.76-89.173 192-89.173 131.413 0 234.667 103.253 234.667 234.667 0 161.28-145.067 292.693-364.8 492.373l-61.867 55.893z"],"isMulticolor":false,"isMulticolor2":false,"tags":["a-like"],"defaultCode":59675,"grid":0,"attrs":[]},"attrs":[],"properties":{"id":23,"order":43,"ligatures":"","prevSize":32,"code":59675,"name":"a-like"},"setIdx":0,"setId":3,"iconIdx":23},{"icon":{"paths":["M166.4 512c0-72.96 59.307-132.267 132.267-132.267h170.667v-81.067h-170.667c-117.76 0-213.333 95.573-213.333 213.333s95.573 213.333 213.333 213.333h170.667v-81.067h-170.667c-72.96 0-132.267-59.307-132.267-132.267zM341.333 554.667h341.333v-85.333h-341.333v85.333zM725.333 298.667h-170.667v81.067h170.667c72.96 0 132.267 59.307 132.267 132.267s-59.307 132.267-132.267 132.267h-170.667v81.067h170.667c117.76 0 213.333-95.573 213.333-213.333s-95.573-213.333-213.333-213.333z"],"isMulticolor":false,"isMulticolor2":false,"tags":["a-link"],"defaultCode":59678,"grid":0,"attrs":[]},"attrs":[],"properties":{"id":24,"order":44,"ligatures":"","prevSize":32,"code":59678,"name":"a-link"},"setIdx":0,"setId":3,"iconIdx":24},{"icon":{"paths":["M691.2 368.896l-36.096-36.096-143.104 143.104-143.104-143.104-36.096 36.096 143.104 143.104-143.104 143.104 36.096 36.096 143.104-143.104 143.104 143.104 36.096-36.096-143.104-143.104z"],"isMulticolor":false,"isMulticolor2":false,"tags":["a-loading"],"defaultCode":59679,"grid":0,"attrs":[]},"attrs":[],"properties":{"id":25,"order":45,"ligatures":"","prevSize":32,"code":59679,"name":"a-loading"},"setIdx":0,"setId":3,"iconIdx":25},{"icon":{"paths":["M768 341.333h-42.667v-85.333c0-117.76-95.573-213.333-213.333-213.333s-213.333 95.573-213.333 213.333v85.333h-42.667c-46.933 0-85.333 38.4-85.333 85.333v426.667c0 46.933 38.4 85.333 85.333 85.333h512c46.933 0 85.333-38.4 85.333-85.333v-426.667c0-46.933-38.4-85.333-85.333-85.333zM384 256c0-70.827 57.173-128 128-128s128 57.173 128 128v85.333h-256v-85.333zM768 853.333h-512v-426.667h512v426.667z"],"isMulticolor":false,"isMulticolor2":false,"tags":["a-lock"],"defaultCode":59680,"grid":0,"attrs":[]},"attrs":[],"properties":{"id":26,"order":21,"ligatures":"","prevSize":32,"code":59680,"name":"a-lock"},"setIdx":0,"setId":3,"iconIdx":26},{"icon":{"paths":["M853.333 170.667h-682.667c-46.933 0-84.907 38.4-84.907 85.333l-0.427 512c0 46.933 38.4 85.333 85.333 85.333h682.667c46.933 0 85.333-38.4 85.333-85.333v-512c0-46.933-38.4-85.333-85.333-85.333zM853.333 768h-682.667v-426.667l341.333 213.333 341.333-213.333v426.667zM512 469.333l-341.333-213.333h682.667l-341.333 213.333z"],"isMulticolor":false,"isMulticolor2":false,"tags":["a-mail"],"defaultCode":59681,"grid":0,"attrs":[]},"attrs":[],"properties":{"id":27,"order":22,"ligatures":"","prevSize":32,"code":59681,"name":"a-mail"},"setIdx":0,"setId":3,"iconIdx":27},{"icon":{"paths":["M256 426.667c-46.933 0-85.333 38.4-85.333 85.333s38.4 85.333 85.333 85.333c46.933 0 85.333-38.4 85.333-85.333s-38.4-85.333-85.333-85.333zM768 426.667c-46.933 0-85.333 38.4-85.333 85.333s38.4 85.333 85.333 85.333c46.933 0 85.333-38.4 85.333-85.333s-38.4-85.333-85.333-85.333zM512 426.667c-46.933 0-85.333 38.4-85.333 85.333s38.4 85.333 85.333 85.333c46.933 0 85.333-38.4 85.333-85.333s-38.4-85.333-85.333-85.333z"],"isMulticolor":false,"isMulticolor2":false,"tags":["a-more_h"],"defaultCode":59683,"grid":0,"attrs":[]},"attrs":[],"properties":{"id":28,"order":23,"ligatures":"","prevSize":32,"code":59683,"name":"a-more_h"},"setIdx":0,"setId":3,"iconIdx":28},{"icon":{"paths":["M512 341.333c46.933 0 85.333-38.4 85.333-85.333s-38.4-85.333-85.333-85.333c-46.933 0-85.333 38.4-85.333 85.333s38.4 85.333 85.333 85.333zM512 426.667c-46.933 0-85.333 38.4-85.333 85.333s38.4 85.333 85.333 85.333c46.933 0 85.333-38.4 85.333-85.333s-38.4-85.333-85.333-85.333zM512 682.667c-46.933 0-85.333 38.4-85.333 85.333s38.4 85.333 85.333 85.333c46.933 0 85.333-38.4 85.333-85.333s-38.4-85.333-85.333-85.333z"],"isMulticolor":false,"isMulticolor2":false,"tags":["a-more_v"],"defaultCode":59684,"grid":0,"attrs":[]},"attrs":[],"properties":{"id":29,"order":24,"ligatures":"","prevSize":32,"code":59684,"name":"a-more_v"},"setIdx":0,"setId":3,"iconIdx":29},{"icon":{"paths":["M512 938.667c46.933 0 85.333-38.4 85.333-85.333h-170.667c0 46.933 38.4 85.333 85.333 85.333zM768 682.667v-213.333c0-130.987-69.547-240.64-192-269.653v-29.013c0-35.413-28.587-64-64-64s-64 28.587-64 64v29.013c-122.027 29.013-192 138.24-192 269.653v213.333l-85.333 85.333v42.667h682.667v-42.667l-85.333-85.333zM682.667 725.333h-341.333v-256c0-105.813 64.427-192 170.667-192s170.667 86.187 170.667 192v256z"],"isMulticolor":false,"isMulticolor2":false,"tags":["a-notifications"],"defaultCode":59686,"grid":0,"attrs":[]},"attrs":[],"properties":{"id":30,"order":25,"ligatures":"","prevSize":32,"code":59686,"name":"a-notifications"},"setIdx":0,"setId":3,"iconIdx":30},{"icon":{"paths":["M170.667 426.667v298.667h128v-298.667h-128zM426.667 426.667v298.667h128v-298.667h-128zM85.333 938.667h810.667v-128h-810.667v128zM682.667 426.667v298.667h128v-298.667h-128zM490.667 42.667l-405.333 213.333v85.333h810.667v-85.333l-405.333-213.333z"],"isMulticolor":false,"isMulticolor2":false,"tags":["a-organization"],"defaultCode":59688,"grid":0,"attrs":[]},"attrs":[],"properties":{"id":31,"order":26,"ligatures":"","prevSize":32,"code":59688,"name":"a-organization"},"setIdx":0,"setId":3,"iconIdx":31},{"icon":{"paths":["M853.333 85.333h-512c-46.933 0-85.333 38.4-85.333 85.333v512c0 46.933 38.4 85.333 85.333 85.333h512c46.933 0 85.333-38.4 85.333-85.333v-512c0-46.933-38.4-85.333-85.333-85.333zM490.667 405.333c0 35.413-28.587 64-64 64h-42.667v85.333h-64v-256h106.667c35.413 0 64 28.587 64 64v42.667zM704 490.667c0 35.413-28.587 64-64 64h-106.667v-256h106.667c35.413 0 64 28.587 64 64v128zM874.667 362.667h-64v42.667h64v64h-64v85.333h-64v-256h128v64zM384 405.333h42.667v-42.667h-42.667v42.667zM170.667 256h-85.333v597.333c0 46.933 38.4 85.333 85.333 85.333h597.333v-85.333h-597.333v-597.333zM597.333 490.667h42.667v-128h-42.667v128z"],"isMulticolor":false,"isMulticolor2":false,"tags":["a-pdf"],"defaultCode":59689,"grid":0,"attrs":[]},"attrs":[],"properties":{"id":32,"order":27,"ligatures":"","prevSize":32,"code":59689,"name":"a-pdf"},"setIdx":0,"setId":3,"iconIdx":32},{"icon":{"paths":["M512 512c94.293 0 170.667-76.373 170.667-170.667s-76.373-170.667-170.667-170.667c-94.293 0-170.667 76.373-170.667 170.667s76.373 170.667 170.667 170.667zM512 597.333c-113.92 0-341.333 57.173-341.333 170.667v85.333h682.667v-85.333c0-113.493-227.413-170.667-341.333-170.667z"],"isMulticolor":false,"isMulticolor2":false,"tags":["a-person"],"defaultCode":59690,"grid":0,"attrs":[]},"attrs":[],"properties":{"id":33,"order":28,"ligatures":"","prevSize":32,"code":59690,"name":"a-person"},"setIdx":0,"setId":3,"iconIdx":33},{"icon":{"paths":["M853.333 661.333c-53.333 0-104.533-8.533-152.32-24.32-14.933-4.693-31.573-1.28-43.52 10.24l-93.867 93.867c-120.747-61.44-219.733-160-281.173-281.173l93.867-94.293c11.947-11.093 15.36-27.733 10.667-42.667-15.787-47.787-24.32-98.987-24.32-152.32 0-23.467-19.2-42.667-42.667-42.667h-149.333c-23.467 0-42.667 19.2-42.667 42.667 0 400.64 324.693 725.333 725.333 725.333 23.467 0 42.667-19.2 42.667-42.667v-149.333c0-23.467-19.2-42.667-42.667-42.667zM810.667 512h85.333c0-212.053-171.947-384-384-384v85.333c165.12 0 298.667 133.547 298.667 298.667zM640 512h85.333c0-117.76-95.573-213.333-213.333-213.333v85.333c70.827 0 128 57.173 128 128z"],"isMulticolor":false,"isMulticolor2":false,"tags":["a-phone"],"defaultCode":59691,"grid":0,"attrs":[]},"attrs":[],"properties":{"id":34,"order":29,"ligatures":"","prevSize":32,"code":59691,"name":"a-phone"},"setIdx":0,"setId":3,"iconIdx":34},{"icon":{"paths":["M810.667 213.333v597.333h-597.333v-597.333h597.333zM810.667 128h-597.333c-46.933 0-85.333 38.4-85.333 85.333v597.333c0 46.933 38.4 85.333 85.333 85.333h597.333c46.933 0 85.333-38.4 85.333-85.333v-597.333c0-46.933-38.4-85.333-85.333-85.333zM603.307 506.027l-128 165.12-91.307-110.507-128 164.693h512l-164.693-219.307z"],"isMulticolor":false,"isMulticolor2":false,"tags":["a-photo"],"defaultCode":59692,"grid":0,"attrs":[]},"attrs":[],"properties":{"id":35,"order":30,"ligatures":"","prevSize":32,"code":59692,"name":"a-photo"},"setIdx":0,"setId":3,"iconIdx":35},{"icon":{"paths":["M1024 512c0 282.77-229.23 512-512 512s-512-229.23-512-512c0-282.77 229.23-512 512-512s512 229.23 512 512zM432 245.333l-48.8 53.333h-84.533c-29.333 0-53.333 24-53.333 53.333v320c0 29.333 24 53.333 53.333 53.333h426.667c29.333 0 53.333-24 53.333-53.333v-320c0-29.333-24-53.333-53.333-53.333h-84.533l-48.8-53.333h-160zM512 645.333c-73.6 0-133.333-59.733-133.333-133.333s59.733-133.333 133.333-133.333c73.6 0 133.333 59.733 133.333 133.333s-59.733 133.333-133.333 133.333zM512 597.333c47.128 0 85.333-38.205 85.333-85.333s-38.205-85.333-85.333-85.333c-47.128 0-85.333 38.205-85.333 85.333s38.205 85.333 85.333 85.333z"],"isMulticolor":false,"isMulticolor2":false,"tags":["a-photo_change"],"defaultCode":59693,"grid":0,"attrs":[]},"attrs":[],"properties":{"id":36,"order":31,"ligatures":"","prevSize":32,"code":59693,"name":"a-photo_change"},"setIdx":0,"setId":3,"iconIdx":36},{"icon":{"paths":["M512 85.333c-165.12 0-298.667 133.547-298.667 298.667 0 224 298.667 554.667 298.667 554.667s298.667-330.667 298.667-554.667c0-165.12-133.547-298.667-298.667-298.667zM512 490.667c-58.88 0-106.667-47.787-106.667-106.667s47.787-106.667 106.667-106.667c58.88 0 106.667 47.787 106.667 106.667s-47.787 106.667-106.667 106.667z"],"isMulticolor":false,"isMulticolor2":false,"tags":["a-place"],"defaultCode":59694,"grid":0,"attrs":[]},"attrs":[],"properties":{"id":37,"order":32,"ligatures":"","prevSize":32,"code":59694,"name":"a-place"},"setIdx":0,"setId":3,"iconIdx":37},{"icon":{"paths":["M486.4 307.2h51.2v179.2h179.2v51.2h-179.2v179.2h-51.2v-179.2h-179.2v-51.2h179.2z"],"isMulticolor":false,"isMulticolor2":false,"tags":["a-plus"],"defaultCode":59695,"grid":0,"attrs":[]},"attrs":[],"properties":{"id":38,"order":33,"ligatures":"","prevSize":32,"code":59695,"name":"a-plus"},"setIdx":0,"setId":3,"iconIdx":38},{"icon":{"paths":["M512 85.333c-235.52 0-426.667 191.147-426.667 426.667s191.147 426.667 426.667 426.667c235.52 0 426.667-191.147 426.667-426.667s-191.147-426.667-426.667-426.667zM512 853.333c-188.587 0-341.333-152.747-341.333-341.333s152.747-341.333 341.333-341.333c188.587 0 341.333 152.747 341.333 341.333s-152.747 341.333-341.333 341.333z"],"isMulticolor":false,"isMulticolor2":false,"tags":["a-radio_button"],"defaultCode":59696,"grid":0,"attrs":[]},"attrs":[],"properties":{"id":39,"order":34,"ligatures":"","prevSize":32,"code":59696,"name":"a-radio_button"},"setIdx":0,"setId":3,"iconIdx":39},{"icon":{"paths":["M512 85.333c-235.52 0-426.667 191.147-426.667 426.667s191.147 426.667 426.667 426.667c235.52 0 426.667-191.147 426.667-426.667s-191.147-426.667-426.667-426.667zM512 853.333c-188.587 0-341.333-152.747-341.333-341.333s152.747-341.333 341.333-341.333c188.587 0 341.333 152.747 341.333 341.333s-152.747 341.333-341.333 341.333zM512 298.667c-117.76 0-213.333 95.573-213.333 213.333s95.573 213.333 213.333 213.333c117.76 0 213.333-95.573 213.333-213.333s-95.573-213.333-213.333-213.333z"],"isMulticolor":false,"isMulticolor2":false,"tags":["a-radio_button-checked"],"defaultCode":59697,"grid":0,"attrs":[]},"attrs":[],"properties":{"id":40,"order":35,"ligatures":"","prevSize":32,"code":59697,"name":"a-radio_button-checked"},"setIdx":0,"setId":3,"iconIdx":40},{"icon":{"paths":["M213.333 341.333h85.333v512h-85.333v-512zM469.333 512h85.333v341.333h-85.333v-341.333zM725.333 170.667h85.333v682.667h-85.333v-682.667z"],"isMulticolor":false,"isMulticolor2":false,"tags":["a-rating"],"defaultCode":59699,"grid":0,"attrs":[]},"attrs":[],"properties":{"id":41,"order":36,"ligatures":"","prevSize":32,"code":59699,"name":"a-rating"},"setIdx":0,"setId":3,"iconIdx":41},{"icon":{"paths":["M661.333 597.333h-33.707l-11.947-11.52c41.813-48.64 66.987-111.787 66.987-180.48 0-153.173-124.16-277.333-277.333-277.333s-277.333 124.16-277.333 277.333c0 153.173 124.16 277.333 277.333 277.333 68.693 0 131.84-25.173 180.48-66.987l11.52 11.947v33.707l213.333 212.907 63.573-63.573-212.907-213.333zM405.333 597.333c-106.24 0-192-85.76-192-192s85.76-192 192-192c106.24 0 192 85.76 192 192s-85.76 192-192 192z"],"isMulticolor":false,"isMulticolor2":false,"tags":["a-search"],"defaultCode":59700,"grid":0,"attrs":[]},"attrs":[],"properties":{"id":42,"order":37,"ligatures":"","prevSize":32,"code":59700,"name":"a-search"},"setIdx":0,"setId":3,"iconIdx":42},{"icon":{"paths":["M829.013 553.813c1.707-13.653 2.987-27.307 2.987-41.813s-1.28-28.16-2.987-41.813l90.027-70.4c8.107-6.4 10.24-17.92 5.12-27.307l-85.333-147.627c-3.84-6.827-11.093-10.667-18.773-10.667-2.56 0-5.12 0.427-7.253 1.28l-106.24 42.667c-22.187-17.067-46.080-31.147-72.107-41.813l-16.213-113.067c-1.28-10.24-10.24-17.92-20.907-17.92h-170.667c-10.667 0-19.627 7.68-20.907 17.92l-16.213 113.067c-26.027 10.667-49.92 25.173-72.107 41.813l-106.24-42.667c-2.56-0.853-5.12-1.28-7.68-1.28-7.253 0-14.507 3.84-18.347 10.667l-85.333 147.627c-5.547 9.387-2.987 20.907 5.12 27.307l90.027 70.4c-1.707 13.653-2.987 27.733-2.987 41.813s1.28 28.16 2.987 41.813l-90.027 70.4c-8.107 6.4-10.24 17.92-5.12 27.307l85.333 147.627c3.84 6.827 11.093 10.667 18.773 10.667 2.56 0 5.12-0.427 7.253-1.28l106.24-42.667c22.187 17.067 46.080 31.147 72.107 41.813l16.213 113.067c1.28 10.24 10.24 17.92 20.907 17.92h170.667c10.667 0 19.627-7.68 20.907-17.92l16.213-113.067c26.027-10.667 49.92-25.173 72.107-41.813l106.24 42.667c2.56 0.853 5.12 1.28 7.68 1.28 7.253 0 14.507-3.84 18.347-10.667l85.333-147.627c5.12-9.387 2.987-20.907-5.12-27.307l-90.027-70.4zM744.533 480.853c1.707 13.227 2.133 22.187 2.133 31.147s-0.853 18.347-2.133 31.147l-5.973 48.213 37.973 29.867 46.080 35.84-29.867 51.627-54.187-21.76-44.373-17.92-38.4 29.013c-18.347 13.653-35.84 23.893-53.333 31.147l-45.227 18.347-6.827 48.213-8.533 57.6h-59.733l-8.107-57.6-6.827-48.213-45.227-18.347c-18.347-7.68-35.413-17.493-52.48-30.293l-38.827-29.867-45.227 18.347-54.187 21.76-29.867-51.627 46.080-35.84 37.973-29.867-5.973-48.213c-1.28-13.227-2.133-23.040-2.133-31.573s0.853-18.347 2.133-31.147l5.973-48.213-37.973-29.867-46.080-35.84 29.867-51.627 54.187 21.76 44.373 17.92 38.4-29.013c18.347-13.653 35.84-23.893 53.333-31.147l45.227-18.347 6.827-48.213 8.533-57.6h59.307l8.107 57.6 6.827 48.213 45.227 18.347c18.347 7.68 35.413 17.493 52.48 30.293l38.827 29.867 45.227-18.347 54.187-21.76 29.867 51.627-45.653 36.267-37.973 29.867 5.973 48.213zM512 341.333c-94.293 0-170.667 76.373-170.667 170.667s76.373 170.667 170.667 170.667c94.293 0 170.667-76.373 170.667-170.667s-76.373-170.667-170.667-170.667zM512 597.333c-46.933 0-85.333-38.4-85.333-85.333s38.4-85.333 85.333-85.333c46.933 0 85.333 38.4 85.333 85.333s-38.4 85.333-85.333 85.333z"],"isMulticolor":false,"isMulticolor2":false,"tags":["a-settings"],"defaultCode":59701,"grid":0,"attrs":[]},"attrs":[],"properties":{"id":43,"order":38,"ligatures":"","prevSize":32,"code":59701,"name":"a-settings"},"setIdx":0,"setId":3,"iconIdx":43},{"icon":{"paths":["M511.573 85.333c-235.52 0-426.24 191.147-426.24 426.667s190.72 426.667 426.24 426.667c235.947 0 427.093-191.147 427.093-426.667s-191.147-426.667-427.093-426.667zM512 853.333c-188.587 0-341.333-152.747-341.333-341.333s152.747-341.333 341.333-341.333c188.587 0 341.333 152.747 341.333 341.333s-152.747 341.333-341.333 341.333zM533.333 298.667h-64v256l224 134.4 32-52.48-192-113.92z"],"isMulticolor":false,"isMulticolor2":false,"tags":["a-time"],"defaultCode":59703,"grid":0,"attrs":[]},"attrs":[],"properties":{"id":44,"order":39,"ligatures":"","prevSize":32,"code":59703,"name":"a-time"},"setIdx":0,"setId":3,"iconIdx":44},{"icon":{"paths":["M512 85.333c-235.52 0-426.667 191.147-426.667 426.667s191.147 426.667 426.667 426.667c235.52 0 426.667-191.147 426.667-426.667s-191.147-426.667-426.667-426.667zM512 853.333c-188.16 0-341.333-153.173-341.333-341.333s153.173-341.333 341.333-341.333c188.16 0 341.333 153.173 341.333 341.333s-153.173 341.333-341.333 341.333zM426.667 704l256-192-256-192v384z"],"isMulticolor":false,"isMulticolor2":false,"tags":["a-video"],"defaultCode":59704,"grid":0,"attrs":[]},"attrs":[],"properties":{"id":45,"order":46,"ligatures":"","prevSize":32,"code":59704,"name":"a-video"},"setIdx":0,"setId":3,"iconIdx":45},{"icon":{"paths":["M170.667 256h-85.333v597.333c0 46.933 38.4 85.333 85.333 85.333h597.333v-85.333h-597.333v-597.333zM853.333 85.333h-512c-46.933 0-85.333 38.4-85.333 85.333v512c0 46.933 38.4 85.333 85.333 85.333h512c46.933 0 85.333-38.4 85.333-85.333v-512c0-46.933-38.4-85.333-85.333-85.333zM853.333 682.667h-512v-512h512v512zM512 234.667v384l256-192-256-192z"],"isMulticolor":false,"isMulticolor2":false,"tags":["a-video_library"],"defaultCode":59705,"grid":0,"attrs":[]},"attrs":[],"properties":{"id":46,"order":47,"ligatures":"","prevSize":32,"code":59705,"name":"a-video_library"},"setIdx":0,"setId":3,"iconIdx":46},{"icon":{"paths":["M512 192c-213.333 0-395.52 132.693-469.333 320 73.813 187.307 256 320 469.333 320s395.52-132.693 469.333-320c-73.813-187.307-256-320-469.333-320zM512 725.333c-117.76 0-213.333-95.573-213.333-213.333s95.573-213.333 213.333-213.333c117.76 0 213.333 95.573 213.333 213.333s-95.573 213.333-213.333 213.333zM512 384c-70.827 0-128 57.173-128 128s57.173 128 128 128c70.827 0 128-57.173 128-128s-57.173-128-128-128z"],"isMulticolor":false,"isMulticolor2":false,"tags":["a-visibility"],"defaultCode":59706,"grid":0,"attrs":[]},"attrs":[],"properties":{"id":47,"order":48,"ligatures":"","prevSize":32,"code":59706,"name":"a-visibility"},"setIdx":0,"setId":3,"iconIdx":47},{"icon":{"paths":["M810.667 903.68l-369.237-391.68 369.237-391.68-113.664-120.32-483.669 512 483.669 512z"],"isMulticolor":false,"isMulticolor2":false,"tags":["baseline-keyboard-arrow-left-24-px"],"defaultCode":59707,"grid":0,"attrs":[]},"attrs":[],"properties":{"id":48,"order":49,"ligatures":"","prevSize":32,"code":59707,"name":"baseline-keyboard-arrow-left-24-px"},"setIdx":0,"setId":3,"iconIdx":48},{"icon":{"paths":["M779.636 892.526l162.909-97.745v-151.306l-162.909 97.745v151.306zM709.818 892.526v-151.306l-162.874-97.724v151.306l162.874 97.724zM244.364 892.526v-151.306l-162.909-97.745v151.306l162.909 97.745zM314.182 892.526l162.944-97.767v-151.269l-162.944 97.733v151.303zM744.803 482.938l-164.904 98.909 164.828 98.897 164.876-98.926-164.8-98.88zM709.818 422.508v-151.495l-162.874 97.813v151.374l162.874-97.691zM114.397 581.818l164.879 98.928 164.904-98.909-164.907-98.944-164.876 98.926zM314.182 422.417l162.944 97.767v-151.298l-162.944-97.693v151.224zM347.055 209.496l164.93 98.883 164.808-98.975-164.793-98.876-164.945 98.967zM244.364 422.417v-232.727l267.636-160.582 267.636 160.582v232.727l232.727 139.636v272.258l-267.636 160.582-232.727-139.636-232.727 139.636-267.636-160.582v-272.258l232.727-139.636z"],"isMulticolor":false,"isMulticolor2":false,"tags":["cad"],"defaultCode":59708,"grid":0,"attrs":[]},"attrs":[],"properties":{"id":49,"order":50,"ligatures":"","prevSize":32,"code":59708,"name":"cad"},"setIdx":0,"setId":3,"iconIdx":49},{"icon":{"paths":["M913.354 369.778l-67.499-227.556h-667.71l-67.499 227.556h802.709zM938.667 455.111h-853.333v312.889h853.333v-312.889zM113.778 56.889h796.444l113.778 398.222v512h-170.667v-113.778h-682.667v113.778h-170.667v-512l113.778-398.222zM256 682.667c-47.128 0-85.333-38.205-85.333-85.333s38.205-85.333 85.333-85.333c47.128 0 85.333 38.205 85.333 85.333s-38.205 85.333-85.333 85.333zM768 682.667c-47.128 0-85.333-38.205-85.333-85.333s38.205-85.333 85.333-85.333c47.128 0 85.333 38.205 85.333 85.333s-38.205 85.333-85.333 85.333z"],"isMulticolor":false,"isMulticolor2":false,"tags":["car"],"defaultCode":59709,"grid":0,"attrs":[]},"attrs":[],"properties":{"id":50,"order":51,"ligatures":"","prevSize":32,"code":59709,"name":"car"},"setIdx":0,"setId":3,"iconIdx":50},{"icon":{"paths":["M950.857 329.143l-109.714-219.429h182.857v694.857c0 60.594-49.121 109.714-109.714 109.714v0h-804.571c-60.594 0-109.714-49.121-109.714-109.714v0-585.143c0-60.594 49.121-109.714 109.714-109.714v0h36.571l109.714 219.429h182.857l-109.714-219.429h73.143l109.714 219.429h182.857l-109.714-219.429h73.143l109.714 219.429h182.857zM950.857 402.286h-740.059l-109.275-218.514c-16.377 3.86-28.379 18.349-28.379 35.642 0 0.005 0 0.011 0 0.016v-0.001 585.143c0 20.198 16.374 36.571 36.571 36.571v0h804.571c20.198 0 36.571-16.374 36.571-36.571v0-402.286z"],"isMulticolor":false,"isMulticolor2":false,"tags":["challenge"],"defaultCode":59710,"grid":0,"attrs":[]},"attrs":[],"properties":{"id":51,"order":52,"ligatures":"","prevSize":32,"code":59710,"name":"challenge"},"setIdx":0,"setId":3,"iconIdx":51},{"icon":{"paths":["M0 917.333h1024v85.333h-1024zM85.333 746.667h853.333v128h-853.333zM512 21.333l469.333 341.333h-938.667zM213.333 362.667h85.333v384h-85.333zM469.333 362.667h85.333v384h-85.333zM725.333 362.667h85.333v384h-85.333z"],"isMulticolor":false,"isMulticolor2":false,"tags":["education"],"defaultCode":59711,"grid":0,"attrs":[]},"attrs":[],"properties":{"id":52,"order":53,"ligatures":"","prevSize":32,"code":59711,"name":"education"},"setIdx":0,"setId":3,"iconIdx":52},{"icon":{"paths":["M157.538 157.538c-21.752 0-39.385 17.633-39.385 39.385v0 708.923c0 21.752 17.633 39.385 39.385 39.385v0h708.923c21.752 0 39.385-17.633 39.385-39.385v0-708.923c0-21.752-17.633-39.385-39.385-39.385v0h-708.923zM157.538 78.769h708.923c65.255 0 118.154 52.899 118.154 118.154v0 708.923c0 65.255-52.899 118.154-118.154 118.154v0h-708.923c-65.255 0-118.154-52.899-118.154-118.154v0-708.923c0-65.255 52.899-118.154 118.154-118.154v0zM196.923 0h78.769v78.769h-78.769v-78.769zM748.308 0h78.769v78.769h-78.769v-78.769zM118.154 315.077h787.692v78.769h-787.692v-78.769zM512 551.385h275.692v275.692h-275.692v-275.692z"],"isMulticolor":false,"isMulticolor2":false,"tags":["events"],"defaultCode":59712,"grid":0,"attrs":[]},"attrs":[],"properties":{"id":53,"order":54,"ligatures":"","prevSize":32,"code":59712,"name":"events"},"setIdx":0,"setId":3,"iconIdx":53},{"icon":{"paths":["M651.636 191.957v87.316h-279.273v-87.316c-109.7 47.93-190.005 150.608-206.379 273.498h113.288v279.273h-279.273v-279.273h95.648c17.896-161.892 128.047-295.98 276.716-348.527v-116.928h279.273v116.928c148.669 52.547 258.82 186.635 276.716 348.527h95.648v279.273h-279.273v-279.273h113.288c-16.373-122.89-96.679-225.568-206.379-273.498zM477.091 567.886v-63.838l-76.048 114.072 41.139 164.557v8.595h139.636v-8.595l41.139-164.557-76.048-114.072v63.838c20.869 12.072 34.909 34.635 34.909 60.478 0 38.56-31.259 69.818-69.818 69.818s-69.818-31.259-69.818-69.818c0-25.843 14.040-48.406 34.909-60.478zM581.818 861.091h-139.636v93.091h139.636v-93.091zM69.818 535.273v139.636h139.636v-139.636h-139.636zM442.182 69.818v139.636h139.636v-139.636h-139.636zM814.545 535.273v139.636h139.636v-139.636h-139.636zM372.364 791.273l-46.545-186.182 186.182-279.273 186.182 279.273-46.545 186.182v232.727h-279.273v-232.727z"],"isMulticolor":false,"isMulticolor2":false,"tags":["graph"],"defaultCode":59713,"grid":0,"attrs":[]},"attrs":[],"properties":{"id":54,"order":55,"ligatures":"","prevSize":32,"code":59713,"name":"graph"},"setIdx":0,"setId":3,"iconIdx":54},{"icon":{"paths":["M1024 512c0 282.77-229.23 512-512 512s-512-229.23-512-512c0-282.77 229.23-512 512-512s512 229.23 512 512zM469.723 519.826h-112.695v92.142h130.907v28.032h-165.193v-260.005h163.401v28.215h-129.097v83.566h112.677v28.050zM615.424 479.634l62.318-99.639h40.357l-82.139 128.933 84.133 131.072h-40.722l-63.927-101.431-64.293 101.431h-40.539l84.297-131.072-82.341-128.914h40.192l62.665 99.621z"],"isMulticolor":false,"isMulticolor2":false,"tags":["logo"],"defaultCode":59714,"grid":0,"attrs":[]},"attrs":[],"properties":{"id":55,"order":56,"ligatures":"","prevSize":32,"code":59714,"name":"logo"},"setIdx":0,"setId":3,"iconIdx":55},{"icon":{"paths":["M512 0l409.6 983.040-40.96 40.96-368.64-163.84-368.64 163.84-40.96-40.96z"],"isMulticolor":false,"isMulticolor2":false,"tags":["navigator"],"defaultCode":59715,"grid":0,"attrs":[]},"attrs":[],"properties":{"id":56,"order":57,"ligatures":"","prevSize":32,"code":59715,"name":"navigator"},"setIdx":0,"setId":3,"iconIdx":56},{"icon":{"paths":["M360.296 436.148c52.365 0 94.815-42.45 94.815-94.815s-42.45-94.815-94.815-94.815v0c-52.365 0-94.815 42.45-94.815 94.815s42.45 94.815 94.815 94.815v0zM360.296 512c-94.257 0-170.667-76.41-170.667-170.667s76.41-170.667 170.667-170.667v0c94.257 0 170.667 76.41 170.667 170.667s-76.41 170.667-170.667 170.667v0zM663.704 512c-25.79 0-50.176-5.689-72.059-15.929 35.461-43.501 53.172-95.080 53.096-154.738s-18.015-111.123-53.817-154.396c21.297-10.269 46.31-16.27 72.724-16.27 94.257 0 170.667 76.41 170.667 170.667 0 94.237-76.378 170.635-170.608 170.667h-0.003zM0 777.481c0-56.889 94.815-189.63 341.333-189.63s341.333 132.741 341.333 189.63v75.852h-682.667v-75.852zM75.852 777.481h530.963c0-6.144-16.119-31.972-47.445-55.144-49.152-36.333-122.008-58.633-218.036-58.633s-168.884 22.3-218.036 58.633c-31.327 23.135-47.445 49-47.445 55.144zM771.679 710.732c-21.883-47.749-54.462-88.671-97.697-122.842l8.685-0.038c246.519 0 341.333 132.741 341.333 189.63v75.852h-228.238c5.879-47.332-2.162-94.853-24.083-142.601z"],"isMulticolor":false,"isMulticolor2":false,"tags":["people"],"defaultCode":59716,"grid":0,"attrs":[]},"attrs":[],"properties":{"id":57,"order":58,"ligatures":"","prevSize":32,"code":59716,"name":"people"},"setIdx":0,"setId":3,"iconIdx":57},{"icon":{"paths":["M0 0h1024v85.333h-85.333v682.667h-384v170.667h85.333v85.333h-256v-85.333h85.333v-170.667h-384v-682.667h-85.333v-85.333zM170.667 85.333v597.333h682.667v-597.333h-682.667zM256 426.667h85.333v170.667h-85.333v-170.667zM469.333 298.667h85.333v256h-85.333v-256zM682.667 213.333h85.333v341.333h-85.333v-341.333z"],"isMulticolor":false,"isMulticolor2":false,"tags":["project"],"defaultCode":59717,"grid":0,"attrs":[]},"attrs":[],"properties":{"id":58,"order":59,"ligatures":"","prevSize":32,"code":59717,"name":"project"},"setIdx":0,"setId":3,"iconIdx":58},{"icon":{"paths":["M512 945.231c239.262 0 433.231-193.969 433.231-433.231s-193.969-433.231-433.231-433.231-433.231 193.969-433.231 433.231 193.969 433.231 433.231 433.231zM512 1024c-282.782 0-512-229.218-512-512s229.218-512 512-512 512 229.218 512 512-229.218 512-512 512zM512 196.923c-116.066 0-196.923 80.857-196.923 196.923h78.769c0-57.777 60.377-118.154 118.154-118.154s118.154 60.377 118.154 118.154c0 105.039-157.538 105.039-157.538 275.692h78.769c0-118.154 157.538-144.423 157.538-275.692 0-116.066-80.857-196.923-196.923-196.923zM472.615 748.308h78.769v78.769h-78.769v-78.769z"],"isMulticolor":false,"isMulticolor2":false,"tags":["q-a"],"defaultCode":59718,"grid":0,"attrs":[]},"attrs":[],"properties":{"id":59,"order":60,"ligatures":"","prevSize":32,"code":59718,"name":"q-a"},"setIdx":0,"setId":3,"iconIdx":59}],"height":1024,"metadata":{"name":"icomoon"},"preferences":{"showGlyphs":true,"showQuickUse":true,"showQuickUse2":true,"showSVGs":true,"fontPref":{"prefix":"icon-","metadata":{"fontFamily":"icomoon"},"metrics":{"emSize":1024,"baseline":6.25,"whitespace":50},"embed":false},"imagePref":{"prefix":"icon-","png":true,"useClassSelector":true,"color":0,"bgColor":16777215,"classSelector":".icon"},"historySize":50,"showCodes":true,"gridSize":16}}